{"model1_1": 0.0065345559269189835, "model1_2": 0.00240313628455624, "model2_1": 0.004609465366229415, "model2_2": 0.0044984458945691586, "model3_1": 0.015252121724188328, "model3_2": 0.014053981751203537}