{
  "final_test_loss": 0.00033469730988144875,
  "best_test_loss": 0.0003316376532893628,
  "epochs_trained": 4,
  "parameters": {
    "learning_rate": 0.0005,
    "batch_size": 64,
    "weight_decay": 0.0001,
    "epochs": 300,
    "test_split": 0.2
  }
}