{
  "final_test_loss": 0.0015718737849965692,
  "best_test_loss": 0.0011090643238276243,
  "epochs_trained": 15,
  "parameters": {
    "learning_rate": 0.0005,
    "batch_size": 64,
    "weight_decay": 0.0001,
    "epochs": 300,
    "test_split": 0.2,
    "left_weight": 1.0,
    "right_weight": 1.5
  }
}